{"cameraMode":{"drawMode":0,"name":"Shaded","section":"Shading Mode"},"sceneLighting":true,"audioPlay":false,"sceneViewState":{"showFog":false,"showMaterialUpdate":false,"showSkybox":false,"showFlares":false,"showImageEffects":false,"showParticleSystems":false,"showVisualEffectGraphs":true,"m_FxEnabled":true},"in2DMode":false,"pivot":{"x":0.6292170882225037,"y":1.786004900932312,"z":0.16945834457874299},"rotation":{"x":-0.27656102180480959,"y":-0.12323945760726929,"z":0.03587087243795395,"w":-0.9524482488632202},"size":16.993953704833986,"orthographic":false}